Alignment ,Orientation
A,0.718263466
A,0.800761599
A,0.780800462
A,0.806159656
A,0.668629128
A,0.738367839
A,0.655704245
A,0.8102895
A,0.742664983
A,0.668079292
A,0.766421489
A,0.708759204
R,0.174243324
R,0.114372849
R,0.048778792
R,0.425374116
R,0.203600895
R,0.380913936
R,0.017476505
R,0.251959929
R,0.163999556